0003001	https://www.flickr.com/photos/stuart_spivack/10029691743	https://www.flickr.com/photos/stuart_spivack	bagel	https://c1.staticflickr.com/3/2888/10029691743_dc8301ccc0_c.jpg	stu_spivack	https://creativecommons.org/licenses/by-sa/2.0/	food,salmon,bagel,creamcheese,eyefi,clevelandbagel	
0003002	https://www.flickr.com/photos/feline_dacat/3021921308	https://www.flickr.com/photos/feline_dacat	Breakfast of champions!	https://c2.staticflickr.com/4/3231/3021921308_261fb7d434_c.jpg	Feline DaCat	https://creativecommons.org/licenses/by-sa/2.0/	breakfast,salmon,bagel,creamcheese	
0003003	https://www.flickr.com/photos/sbogdanich/9218336770	https://www.flickr.com/photos/sbogdanich	Poppyseed bagel, scallion cream cheese and...	https://c2.staticflickr.com/8/7371/9218336770_435bfa261e_c.jpg	Stephanie	https://creativecommons.org/licenses/by/2.0/	perfect,veganfoodshare,uploaded:by=flickstagram,instagram:venue_name=thebagelstore,instagram:venue=349662,instagram:photo=4600581602340959383344472	
0003004	https://www.flickr.com/photos/jeffreyww/11487819925	https://www.flickr.com/photos/jeffreyww	Mmm... cinnamon rolls with maple cream cheese glaze	https://c2.staticflickr.com/8/7300/11487819925_cd37249190_c.jpg	jeffreyw	https://creativecommons.org/licenses/by/2.0/	dessert,glaze,icing,creamcheese,maplesyrup,cinnamonrolls	
0003005	https://www.flickr.com/photos/canadapenguin/4214695623	https://www.flickr.com/photos/canadapenguin	Cinnamon Bun at Blenz on Denman Street in Christmas	https://c1.staticflickr.com/3/2512/4214695623_04b25aeeff_c.jpg	Hisakazu Watanabe	https://creativecommons.org/licenses/by-sa/2.0/	christmas,canada,slr,vancouver,pen,lens,bc,olympus,roll,zuiko,westend,„ÇØ„É™„Çπ„Éû„Çπ,ep1,„Ç≥„Éº„Éí„Éº,„Éö„É≥,„Ç´„Éä„ÉÄ,„Éê„É≥„ÇØ„Éº„Éê„Éº,„Ç™„É™„É≥„Éë„Çπ,„Ç∑„Éä„É¢„É≥„É≠„Éº„É´,‰∏ÄÁúº„É¨„Éï,„Ç∫„Ç§„Ç≥„Éº,microfourthirds,„Éû„Ç§„ÇØ„É≠„Éï„Ç©„Éº„Çµ„Éº„Ç∫,„Ç∑„Éä„É¢„É≥„Éê„É≥,„Ç¶„Çß„Çπ„Éà„Ç®„É≥„Éâ,‰∫§Êèõ„É¨„É≥„Ç∫,mzuiko,‚Äùdenman,st„Éá„É≥„Éû„É≥blenz„Éñ„É¨„É≥„Ç∫„Ç´„Éï„Çßcafecinnamon,buncinnamon	
0003006	https://www.flickr.com/photos/22179048@N05/14821114719	https://www.flickr.com/photos/22179048@N05	5912	https://c2.staticflickr.com/6/5558/14821114719_65e06902ed_c.jpg	Bob Peters	https://creativecommons.org/licenses/by/2.0/	breakfast,bacon,egg,sandwich,butty	
0003007	https://www.flickr.com/photos/jimg944/5983278482	https://www.flickr.com/photos/jimg944	2011-05-01 09.00.21, Whispers Cafe and Creperie, Belmont, CA	https://c1.staticflickr.com/7/6133/5983278482_cb0f2d51dd_c.jpg	Jim G	https://creativecommons.org/licenses/by/2.0/	belmont,whispers,crapes,whisperscafe,whisperscreperiecreperie,whisperscrapes	
0003008	https://www.flickr.com/photos/theimpulsivebuy/15121989455	https://www.flickr.com/photos/theimpulsivebuy	Jack in the Box Sausage Grande Breakfast Burrito Cut	https://c2.staticflickr.com/4/3855/15121989455_e84fe5c5a6_c.jpg	theimpulsivebuy	https://creativecommons.org/licenses/by-sa/2.0/		
0003009	https://www.flickr.com/photos/kurmanphotos/16805063355	https://www.flickr.com/photos/kurmanphotos	Southern Benedict  $11	https://c2.staticflickr.com/8/7606/16805063355_6b7eff4346_c.jpg	Kurman Communications, Inc.	https://creativecommons.org/licenses/by/2.0/	bestbrunchinchicago,luellassouthernkitchenbrunch,luellassouthernkitcheneasterbrunch	
0003010	https://www.flickr.com/photos/paddyspig/32465772154	https://www.flickr.com/photos/paddyspig	Southern Benedict	https://c2.staticflickr.com/4/3670/32465772154_b5b1eae9ce_c.jpg	Pat Durkin	buttermilkbiscuits,poachedeggs,sausagepatties,sausagegravy,hashbrowns,food,breakfasst,eggs,bokeh,l	
0003011	https://www.flickr.com/photos/carltyson/3031556797	https://www.flickr.com/photos/carltyson	Savannah Georgia Biscuits with butter and orange marmelade	https://c2.staticflickr.com/4/3004/3031556797_4a60b21a10_c.jpg	Carl Tyson	city,ga,georgia,downtown,southern,savannah,southerncity	
0003012	https://www.flickr.com/photos/stuart_spivack/2264466866	https://www.flickr.com/photos/stuart_spivack	Vietnamese Spring rolls	https://c1.staticflickr.com/3/2331/2264466866_ecbe325138_c.jpg	stu_spivack	https://creativecommons.org/licenses/by-sa/2.0/	food,vietnamese,springrolls,siamcafe	
0003013	https://www.flickr.com/photos/135622164@N03/28180915740	https://www.flickr.com/photos/135622164@N03	Bao Buns	https://c1.staticflickr.com/9/8897/28180915740_a489033340_c.jpg	Lauren Topor	https://creativecommons.org/licenses/by/2.0/	phoenix,arizona,az,food,foodie,ramen,ramens,bao,buns,eat,eats,restaurants,restaurant	
0003014	https://www.flickr.com/photos/avlxyz/3545170615	https://www.flickr.com/photos/avlxyz	Xiao Long Bao pork dumplings - New Shanghai, Chatswood	https://c1.staticflickr.com/3/2196/3545170615_126a342e69_c.jpg	Alpha	https://creativecommons.org/licenses/by-sa/2.0/	food,sydney,australia,pork,nsw,newsouthwales,chatswood,dumpling,xiaolongbao,Â∞èÁ¨ºÂåÖ,newshanghai,Êñ∞‰∏äÊµ∑	
0003015	https://www.flickr.com/photos/thegirlsny/7501795084	https://www.flickr.com/photos/thegirlsny	Red, white & blueberry French toast. Mmmm...Happy 4th!	https://c1.staticflickr.com/9/8433/7501795084_658a61eacf_c.jpg	Kim	https://creativecommons.org/licenses/by-sa/2.0/	frenchtoast	
0003016	https://www.flickr.com/photos/ralphandjenny/5228900593	https://www.flickr.com/photos/ralphandjenny	French Toast at King and Prince	https://c2.staticflickr.com/6/5162/5228900593_0e77710f5e_c.jpg	Ralph Daily	https://creativecommons.org/licenses/by/2.0/	vacation,food,orange,breakfast,georgia,restaurant,strawberry,meals,strawberries,frenchtoast,stsimonsisland,kingandprince,goldenisles,nikond90,af60mmf28g	
0003017	https://www.flickr.com/photos/arndog/13138949913	https://www.flickr.com/photos/arndog		
0003018	https://www.flickr.com/photos/148481438@N03/23898869307	https://www.flickr.com/photos/148481438@N03	[Video] C√°ch l√†m s·ªØa l·∫Øc chocolate chip	https://c1.staticflickr.com/5/4553/23898869307_ddc4724cac_c.jpg	·∫®m Th·ª±c ƒêam M√™	https://creativecommons.org/licenses/by-sa/2.0/		
0003019	https://www.flickr.com/photos/anokarina/6899802911	https://www.flickr.com/photos/anokarina	‚Äïdonut heart üç©	https://c2.staticflickr.com/8/7065/6899802911_35425f8ce5_c.jpg	anokarina	https://creativecommons.org/licenses/by-sa/2.0/	alexandria,virginia,appleiphone3gs,krispykreme,va,mountvernon,glazed,sweet,treats,donuts,doughnuts,sugary	
0003020	https://www.flickr.com/photos/huddleston/5272529138	https://www.flickr.com/photos/huddleston	The finer things, week 51	https://c2.staticflickr.com/6/5164/5272529138_0c5a312612_c.jpg	Jerry Huddleston	https://creativecommons.org/licenses/by/2.0/		
0003021	https://www.flickr.com/photos/avlxyz/359315772	https://www.flickr.com/photos/avlxyz	Idli with Sambar and Chutney - Chennai Banana Leaf, Syndal	https://c1.staticflickr.com/1/152/359315772_38ce4ac81c_c.jpg	Alpha	https://creativecommons.org/licenses/by-sa/2.0/	food,bread,indian,casio,exilim,chutney,sambar,idli,milkfree,lactosefree	
0003022	https://www.flickr.com/photos/avlxyz/4054894449	https://www.flickr.com/photos/avlxyz	Idli AUD5 for 4, Teh Tarik AUD2.50 - Rich Maha	https://c1.staticflickr.com/3/2682/4054894449_89d00d055f_c.jpg	Alpha	https://creativecommons.org/licenses/by-sa/2.0/	food,tea,drink,indian,melbourne,curry,frothy,vic,chutney,sambar,idli,tehtarik,melbournevic,richmaha,richmaharestaurant	
0003023	https://www.flickr.com/photos/edsel_/5596302501	https://www.flickr.com/photos/edsel_	Udupi CafeÃÅ - Samosas	https://c2.staticflickr.com/6/5227/5596302501_9088668ce4_c.jpg	Edsel Little	https://creativecommons.org/licenses/by-sa/2.0/	vegetarian,indianfood,slrmagic,slrmagic24mm,udupicaf√©	
0003024	https://www.flickr.com/photos/benimoto/537503730	https://www.flickr.com/photos/benimoto	Samosas!	https://c2.staticflickr.com/2/1061/537503730_6e637928d0_c.jpg	Benny Mazur	https://creativecommons.org/licenses/by/2.0/	ohio,samosas,sylvania	
0003025	https://www.flickr.com/photos/bradtwitty/2993793090	https://www.flickr.com/photos/bradtwitty	Peanut Butter & Jelly	https://c2.staticflickr.com/4/3074/2993793090_3144d65256_c.jpg	bradtwitty	https://creativecommons.org/licenses/by-sa/2.0/	food,jelly,pbj,peanutbutter	
0003026	https://www.flickr.com/photos/diettogopics/8856023562	https://www.flickr.com/photos/diettogopics	Peanut Butter and Grape Jelly on Whole Wheat Bread, Applesauce	https://c1.staticflickr.com/3/2852/8856023562_34200dbf06_c.jpg	Justin Smith	https://creativecommons.org/licenses/by-sa/2.0/	applesauce,peanutbutterandgrapejellyonwholewheatbread	
0003027	https://www.flickr.com/photos/cyclonebill/2399649264	https://www.flickr.com/photos/cyclonebill	BLT med pommes frites	https://c2.staticflickr.com/4/3093/2399649264_786a8a48d5_c.jpg	cyclonebill	https://creativecommons.org/licenses/by-sa/2.0/	bacon,sandwich,salat,pommesfrites,br√∏d,tomat	
0003028	https://www.flickr.com/photos/corsinet/31440516538	https://www.flickr.com/photos/corsinet	Pastrami sandwich at Max‚Äôs Deli	https://c2.staticflickr.com/2/1929/31440516538_ee7b9347c9_c.jpg	julie corsi	https://creativecommons.org/licenses/by/2.0/	meat,bread,delicatessen,deli,pastrami,sandwich,sandwiches,max‚Äôsdeli	
0003029	https://www.flickr.com/photos/lehighvalleypa/13605158823	https://www.flickr.com/photos/lehighvalleypa	Club Sandwich @ Black Forest Deli	https://c1.staticflickr.com/3/2823/13605158823_3b18394c95_c.jpg	Discover Lehigh Valley, PA	https://creativecommons.org/licenses/by/2.0/	clubsandwich,foodspotting,blackforestdeli,foodspotting:place=207058,foodspotting:review=4596344	
0003030	https://www.flickr.com/photos/rocketboom/5479233673	https://www.flickr.com/photos/rocketboom	Cucumber Tuna Sandwich	https://c2.staticflickr.com/6/5216/5479233673_1b77879560_c.jpg	SupportPDX	https://creativecommons.org/licenses/by/2.0/	california,sculpture,food,woman,building,water,kitchen,television,cake,breakfast,oregon,portland,bread,graphicdesign,baking,losangeles,cookie,pots,psu,pans,portlandstateuniversity,marvista,artpractice,artpetsgmailcom,parkermichaelknight,artpracticecollective,artsocialpractice	
0003031	https://www.flickr.com/photos/lara604/5685549754	https://www.flickr.com/photos/lara604	chocolate chip cookie	https://c2.staticflickr.com/6/5224/5685549754_25ce082090_c.jpg	Lara604	https://creativecommons.org/licenses/by/2.0/	seattle,out,cookie,chocolate,foodporn,bakery,belltown,chip,bite,macrina	
0003032	https://www.flickr.com/photos/trinity/3242400853	https://www.flickr.com/photos/trinity	Cookies!	https://c2.staticflickr.com/4/3133/3242400853_ca011e6d49_c.jpg	Rebecca Partington	https://creativecommons.org/licenses/by-sa/2.0/	cookies,baking,photos,unfound,bake,baked,chocolatechipcookies,nom	
0003033	https://www.flickr.com/photos/trekkyandy/1528126462	https://www.flickr.com/photos/trekkyandy	Cookie Sandwich	https://c1.staticflickr.com/3/2261/1528126462_ce55358473_c.jpg	Andy Melton	https://creativecommons.org/licenses/by-sa/2.0/	macro,cookies,milk,fingers,cream,oreo,dunking,chocolatecookies,doublestuffed,diamondclassphotographer,flickrdiamond,cookiesandwiches,meltonphoportfolio	
0003034	https://www.flickr.com/photos/90859240@N00/4532302920	https://www.flickr.com/photos/90859240@N00	Milk & Cookies	https://c1.staticflickr.com/5/4010/4532302920_0c659bb9a3_c.jpg	Jellaluna	https://creativecommons.org/licenses/by/2.0/	wood,glass,cookies,shadows,cream,snack,oreo	
0003035	https://www.flickr.com/photos/markwalker/6847642061	https://www.flickr.com/photos/markwalker	Mother's Scones!	https://c2.staticflickr.com/8/7067/6847642061_34b0bddbe2_c.jpg	Mark Walker	https://creativecommons.org/licenses/by-sa/2.0/	food,scones	
0003036	https://www.flickr.com/photos/wordridden/242061322	https://www.flickr.com/photos/wordridden	Tea time	https://c1.staticflickr.com/1/85/242061322_d8816ef74c_c.jpg	WordRidden	https://creativecommons.org/licenses/by/2.0/	food,eating,hove,scones,jam,clottedcream,igigi	
0003037	https://www.flickr.com/photos/kristinausk/2976294437	https://www.flickr.com/photos/kristinausk	Blueberry Scones	https://c1.staticflickr.com/3/2255/2976294437_8522a875ea_c.jpg	kgroovy	https://creativecommons.org/licenses/by-sa/2.0/	baking,blueberry,scones	
0003038	https://www.flickr.com/photos/68147320@N02/41084641762	https://www.flickr.com/photos/68147320@N02	Untitled	https://c1.staticflickr.com/1/812/41084641762_6dfc671d4c_c.jpg	T.Tseng	https://creativecommons.org/licenses/by/2.0/		
0003039	https://www.flickr.com/photos/jreed/412214526	https://www.flickr.com/photos/jreed	Chick-Fil-A Fries	https://c1.staticflickr.com/1/151/412214526_dc1f914497_c.jpg	Jay Reed	https://creativecommons.org/licenses/by-sa/2.0/	food,chicken,potatoes,cut,fast,fries,waffle,chickfila,canonef50mmf18ii	
0003040	https://www.flickr.com/photos/jamesonfink/5830050797	https://www.flickr.com/photos/jamesonfink	Fried Chicken Sandwich	https://c1.staticflickr.com/3/2777/5830050797_19ba8a8e52_c.jpg	Jameson Fink	https://creativecommons.org/licenses/by/2.0/	seattle,food,friedchicken,skillet	
0003041	https://www.flickr.com/photos/vwcampin/39727711975	https://www.flickr.com/photos/vwcampin	Wings	https://c1.staticflickr.com/5/4666/39727711975_1eb94691c0_c.jpg	Shelby L. Bell	https://creativecommons.org/licenses/by/2.0/	chicken,meal,appetizer,iphoneographer,iphoneography,iphoneology,iphonology,macro,food,thesessionroom,buffalowings,wings,bbqwings,hotwings,chickenwings	
0003042	https://www.flickr.com/photos/stuart_spivack/4555709017	https://www.flickr.com/photos/stuart_spivack	wings	https://c1.staticflickr.com/5/4056/4555709017_3108997dc3_c.jpg	stu_spivack	https://creativecommons.org/licenses/by-sa/2.0/	food,chicken,wings,taverncompany	
0003043	https://www.flickr.com/photos/thedelicious/4206872282	https://www.flickr.com/photos/thedelicious	Honey Soy Glazed Chicken Wings	https://c1.staticflickr.com/5/4032/4206872282_86b39d8dd1_c.jpg	TheDeliciousLife	https://creativecommons.org/licenses/by/2.0/	life,food,cooking,asian,bees,delicious,honey,chickenwings	
0003044	https://www.flickr.com/photos/haynes/4233468048	https://www.flickr.com/photos/haynes	Crispy Chicken Wings	https://c1.staticflickr.com/5/4072/4233468048_ff70a3f63a_c.jpg	Charles Haynes	https://creativecommons.org/licenses/by-sa/2.0/	thailand,bangkok,th,chickenwings,kruaapsorn	
0003045	https://www.flickr.com/photos/39908901@N06/8639278436	https://www.flickr.com/photos/39908901@N06		
0003046	https://www.flickr.com/photos/jeffreyww/14467728072	https://www.flickr.com/photos/jeffreyww	Mmm... rings and dogs	https://c2.staticflickr.com/6/5488/14467728072_fbe0ccddea_c.jpg	jeffreyw	https://creativecommons.org/licenses/by/2.0/	mustard,hotdogs,sandwiches,onionrings,sammiches,pancakebatter,relishes,poppyseedbuns	
0003047	https://www.flickr.com/photos/stevendepolo/5636211077	https://www.flickr.com/photos/stevendepolo	Fried Onion Rings Fat Boy Burgers Food Macro April 13, 20112	https://c2.staticflickr.com/6/5303/5636211077_97a4986295_c.jpg	Steven Depolo	https://creativecommons.org/licenses/by/2.0/	food,macro,f,hamburger,grandrapids,fried,onionrings,fatboyburgers	
0003048	https://www.flickr.com/photos/chasqui/37126365431	https://www.flickr.com/photos/chasqui	BBQ done Right (Pecan Lodge, Dallas, TX)	https://c1.staticflickr.com/5/4442/37126365431_49c465a6e1_c.jpg	Luis Tamayo	https://creativecommons.org/licenses/by-sa/2.0/	texas,bbq,platter,pecanlodge,sausage,brisket,rib,ribs,pickles,onion,plate,smoked,meat,meats	
0003049	https://www.flickr.com/photos/68147320@N02/13938527331	https://www.flickr.com/photos/68147320@N02	Beef rib, pork ribs, brisket	https://c1.staticflickr.com/3/2925/13938527331_9e00ac1bcc_c.jpg	T.Tseng	https://creativecommons.org/licenses/by/2.0/	uploaded:by=flickrmobile,flickriosapp:filter=nofilter	
0003050	https://www.flickr.com/photos/flyingsaab/8447371568	https://www.flickr.com/photos/flyingsaab	pulled pork	https://c1.staticflickr.com/9/8214/8447371568_0ffacb623a_c.jpg	Phil Denton	https://creativecommons.org/licenses/by-sa/2.0/	food,sandwich,pork,pulled,uploaded:by=flickrmobile,flickriosapp:filter=nofilter	
0003051	https://www.flickr.com/photos/jennycu/1973362201	https://www.flickr.com/photos/jennycu	my fav cookies right now	https://c1.staticflickr.com/3/2369/1973362201_2b0aeba0de_c.jpg	jencu	https://creativecommons.org/licenses/by/2.0/	pink,cookies,sprinkles	
0003052	https://www.flickr.com/photos/inspirefatephotography/6012360804	https://www.flickr.com/photos/inspirefatephotography	Reeses Cups	https://c1.staticflickr.com/7/6144/6012360804_168a86a269_c.jpg	InspireFate Photography	https://creativecommons.org/licenses/by/2.0/	ga,golden,candy,chocolate,butter,peanut,savannah,reeses	
0003053	https://www.flickr.com/photos/magro-family/4712258108	https://www.flickr.com/photos/magro-family	Candied Pecans	https://c1.staticflickr.com/5/4064/4712258108_b1a02710d1_c.jpg	Julie Magro	https://creativecommons.org/licenses/by/2.0/	pecans,candiedpecans	
0003054	https://www.flickr.com/photos/cathydanhphotography/5429976599	https://www.flickr.com/photos/cathydanhphotography	Rosemary Rice Krispy Treats	https://c2.staticflickr.com/6/5020/5429976599_83ea770d1d_c.jpg	Cathy Danh	https://creativecommons.org/licenses/by/2.0/		
0003055	https://www.flickr.com/photos/51047615@N06/8358880122	https://www.flickr.com/photos/51047615@N06	Outback Mac N' Cheese	https://c1.staticflickr.com/9/8225/8358880122_2a41121166_c.jpg	Kitchen Life of a Navy Wife	https://creativecommons.org/licenses/by/2.0/		
0003056	https://www.flickr.com/photos/jeepersmedia/16370612406	https://www.flickr.com/photos/jeepersmedia	Kraft Macaroni & Cheese	https://c2.staticflickr.com/8/7281/16370612406_6df886d799_c.jpg	Mike Mozart	https://creativecommons.org/licenses/by/2.0/	mac,kraft,macaronicheese	
0003057	https://www.flickr.com/photos/147454608@N08/43782395060	https://www.flickr.com/photos/147454608@N08		
0003058	https://www.flickr.com/photos/jonicdao/26920144137	https://www.flickr.com/photos/jonicdao	4	https://c1.staticflickr.com/1/950/26920144137_59e781e562_c.jpg	Jose Nicdao	https://creativecommons.org/licenses/by/2.0/	food	
0003059	https://www.flickr.com/photos/30478819@N08/38277006475	https://www.flickr.com/photos/30478819@N08	Delicious brownie with caramel close up	https://c1.staticflickr.com/5/4643/38277006475_61d4c01567_c.jpg	Marco Verch	https://creativecommons.org/licenses/by/2.0/	square,cake,dessert,sauce,sweet,slice,table,brown,background,brownies,food,homemade,cooked,fresh,white,chocolate,pecan,piece,closeup,cooking,plate,bars,gourmet,coffee,delicious,snack,bar,caramel,brownie,dark,baked,pie,cookies,tasty,cookie,cream,pastry,traditional	
0003060	https://www.flickr.com/photos/148481438@N03/38054779904	https://www.flickr.com/photos/148481438@N03	[Video] C√°ch l√†m b√°nh Bar B∆° L·∫°c Chocolate ph·ªß	https://c1.staticflickr.com/5/4547/38054779904_01cbf06e64_c.jpg	·∫®m Th·ª±c ƒêam M√™	https://creativecommons.org/licenses/by-sa/2.0/		
0003061	https://www.flickr.com/photos/preppybyday/5076302395	https://www.flickr.com/photos/preppybyday	Hot Dog	https://c1.staticflickr.com/5/4145/5076302395_6af8554c00_c.jpg	TheCulinaryGeek	https://creativecommons.org/licenses/by/2.0/	hotdog,ketchup,relish,mustard,bun	
0003062	https://www.flickr.com/photos/jeffreyww/13974208189	https://www.flickr.com/photos/jeffreyww	Mmm... Chicago Style Hot Dog	https://c2.staticflickr.com/6/5119/13974208189_4bf952f157_c.jpg	jeffreyw	https://creativecommons.org/licenses/by/2.0/	onions,mustard,celerysalt,chicagodog,tomatoslices,sportpeppers,greenrelish,poppyseedbun,allbeeffrank,picklespear	
0003063	https://www.flickr.com/photos/nebulux/9055162205	https://www.flickr.com/photos/nebulux	Mexican tacos	https://c2.staticflickr.com/6/5531/9055162205_8130f056fb_c.jpg	Luca Nebuloni	https://creativecommons.org/licenses/by/2.0/	food,dish,tacos,indoor,mexican,meal,cibo,mangiaconme	
0003064	https://www.flickr.com/photos/stuart_spivack/910359784	https://www.flickr.com/photos/stuart_spivack	chicken mole	https://c2.staticflickr.com/2/1369/910359784_2bd9a2cc7f_c.jpg	stu_spivack	https://creativecommons.org/licenses/by-sa/2.0/	food,chicken,beans,rice,mexican,mole,coleslaw,eltango,realfoodgallery,dopplr:eat=6ak1	
0003065	https://www.flickr.com/photos/68147320@N02/42940821175	https://www.flickr.com/photos/68147320@N02	Enchiladas Suizas Montadas: Chef Claudette's family recipe, braised Pasture Bird chicken, whipped Oaxacan black beans	https://c1.staticflickr.com/1/930/42940821175_6310cf27b3_c.jpg	T.Tseng	https://creativecommons.org/licenses/by/2.0/		
0003066	https://www.flickr.com/photos/hankhession/8129192146	https://www.flickr.com/photos/hankhession	IMG_0430	https://c1.staticflickr.com/9/8332/8129192146_41075653fb_c.jpg	Hank Hession	https://creativecommons.org/licenses/by/2.0/		
0003067	https://www.flickr.com/photos/30478819@N08/28748861917	https://www.flickr.com/photos/30478819@N08	Guacamole with Tortillas Chips	https://c1.staticflickr.com/1/931/28748861917_0cc797202e_c.jpg	Marco Verch	https://creativecommons.org/licenses/by/2.0/	lime,food,guacamole,homemade,vegetarian,traditional,appetizer,green,fresh,avocado,snack,mexican,lebensmittel,noperson,keineperson,bowl,sch√ºssel,salsa,dip,tauchen,vegetable,gem√ºse,vorspeise,grow,wachsen,dish,gericht,dinner,abendessen,meal,mahlzeit,lunch,mittagessen,cuisine,kochen,sauce,sose,tortilla,mouthwatering,schmackhaft,pepper,pfeffer,chili,spice,w√ºrzen	
0003068	https://www.flickr.com/photos/sarahvain/34545243824	https://www.flickr.com/photos/sarahvain	Guacamole and chips	https://c1.staticflickr.com/5/4243/34545243824_54339148a4_c.jpg	Sarah Stierch	https://creativecommons.org/licenses/by/2.0/	guacamole,food,chips,mexicanfood,foodphotography,beauty,green,fresh,mexican,sonoma,sonomavalley,california,restaurant,mexicanrestaurant,lacasarestaurant,dining	
0003069	https://www.flickr.com/photos/jeffreyww/14765725148	https://www.flickr.com/photos/jeffreyww	Mmm...nachos	https://c2.staticflickr.com/6/5568/14765725148_ff3dff9dd3_c.jpg	jeffreyw	https://creativecommons.org/licenses/by/2.0/	beef,guacamole,nachos,sourcream,jalapenos,cornsalsa,stuffedminipeppers	
0003070	https://www.flickr.com/photos/stuart_spivack/8952966941	https://www.flickr.com/photos/stuart_spivack	nachos	https://c2.staticflickr.com/4/3742/8952966941_6e94057d25_c.jpg	stu_spivack	https://creativecommons.org/licenses/by-sa/2.0/	ohio,chili,unitedstates,good,cleveland,nachos,eyefi,abcthetavern	
0003071	https://www.flickr.com/photos/stuart_spivack/13530250064	https://www.flickr.com/photos/stuart_spivack	tacos	https://c2.staticflickr.com/4/3755/13530250064_4dbf14398f_c.jpg	stu_spivack	https://creativecommons.org/licenses/by-sa/2.0/	chicago,illinois,unitedstates,eyefi	
0003072	https://www.flickr.com/photos/dackelprincess/34410413025	https://www.flickr.com/photos/dackelprincess	Salad_Taco_Beef_990x725	https://c1.staticflickr.com/5/4174/34410413025_77303199d1_c.jpg	dackelprincess	https://creativecommons.org/licenses/by-sa/2.0/		
0003073	https://www.flickr.com/photos/olegshpyrko/13695490514	https://www.flickr.com/photos/olegshpyrko	DSC01234	https://c2.staticflickr.com/8/7076/13695490514_9bd5d70fdc_c.jpg	Oleg.	https://creativecommons.org/licenses/by/2.0/	food,burrito,breakfastburrito	
0003074	https://www.flickr.com/photos/criticalmoss/161186366	https://www.flickr.com/photos/criticalmoss	WrappedUp5	https://c1.staticflickr.com/1/45/161186366_e973dc7de0_c.jpg	Critical Moss	https://creativecommons.org/licenses/by/2.0/	chipotle,burrito	
0003075	https://www.flickr.com/photos/russelljsmith/4414597499	https://www.flickr.com/photos/russelljsmith	Quesadilla	https://c1.staticflickr.com/5/4024/4414597499_44d3ff9ecb_c.jpg	Russell James Smith	https://creativecommons.org/licenses/by/2.0/	food,brown,dinner,dish,board,delicious,chopping,quesadilla	
0003076	https://www.flickr.com/photos/75231152@N00/7498069270	https://www.flickr.com/photos/75231152@N00	beef tenderloin quesadillas	https://c1.staticflickr.com/9/8146/7498069270_46be94ffaa_c.jpg	kae71463	https://creativecommons.org/licenses/by/2.0/		
0003077	https://www.flickr.com/photos/naan/2285232838	https://www.flickr.com/photos/naan	quesadilla	https://c2.staticflickr.com/4/3198/2285232838_5918408730_c.jpg	Kazuho Okui	https://creativecommons.org/licenses/by/2.0/		
0003078	https://www.flickr.com/photos/p_x_g/4905053979	https://www.flickr.com/photos/p_x_g	Bacon	https://c1.staticflickr.com/5/4116/4905053979_6e4a865da6_c.jpg	Peter Galvin	https://creativecommons.org/licenses/by/2.0/	camping,bacon,trails,crest,eggs	
0003079	https://www.flickr.com/photos/sixteenmilesofstring/8458863589	https://www.flickr.com/photos/sixteenmilesofstring	candied bacon blah blah	https://c1.staticflickr.com/9/8382/8458863589_ca4a95ec73_c.jpg	Timothy Vollmer	https://creativecommons.org/licenses/by/2.0/	square,squareformat,iphoneography,instagramapp,uploaded:by=instagram	
0003080	https://www.flickr.com/photos/sweet_flour/4666462740	https://www.flickr.com/photos/sweet_flour	frozen yogurt	https://c1.staticflickr.com/5/4055/4666462740_a71b3de295_c.jpg	Sweet Flour Bake Shop	https://creativecommons.org/licenses/by/2.0/	frozen,yogurt	
0003081	https://www.flickr.com/photos/ralphandjenny/6772905183	https://www.flickr.com/photos/ralphandjenny	Cupcakes	https://c2.staticflickr.com/8/7149/6772905183_0e41440bd2_c.jpg	Ralph Daily	https://creativecommons.org/licenses/by/2.0/	food,dessert,cupcakes,birmingham,alabama,desserts,cupcake,mountainbrook,bakedgoods,magnoliabakery,x100,finepixx100	
0003082	https://www.flickr.com/photos/lmlienau/4211924521	https://www.flickr.com/photos/lmlienau	Caramel Corn - Holiday Treat	https://c1.staticflickr.com/5/4070/4211924521_ba8e14645f_c.jpg	Global Reactions	https://creativecommons.org/licenses/by/2.0/	christmas,food,delicious,2009,caramelcorn,fauxtiltshift	
0003083	https://www.flickr.com/photos/o_0/27102727432	https://www.flickr.com/photos/o_0	Dolsot bibimbap @ L'Arbre de Sel @ Montparnasse @ Paris	https://c2.staticflickr.com/8/7155/27102727432_e65d1b0fdc_c.jpg	Guilhem Vellut	https://creativecommons.org/licenses/by/2.0/	city,food,paris,france,stone,restaurant,spring,europe,rice,may,bowl,korea,pot,korean,bibimbap,2016,dolsotbibimbap	
0003084	https://www.flickr.com/photos/dhilowitz/29280935492	https://www.flickr.com/photos/dhilowitz	Bibimbap	https://c1.staticflickr.com/9/8138/29280935492_2982c74c41_c.jpg	David Hilowitz	https://creativecommons.org/licenses/by/2.0/	bibimbap,vietnamese	
0003085	https://www.flickr.com/photos/140547216@N04/42430820542	https://www.flickr.com/photos/140547216@N04	Sous Vide Ramen	https://c2.staticflickr.com/2/1722/42430820542_8a5367870d_c.jpg	sousvideguy	https://creativecommons.org/licenses/by/2.0/	sous,vide,ramen	
0003086	https://www.flickr.com/photos/takoyaki_king/15118019074	https://www.flickr.com/photos/takoyaki_king	Miso Ramen	https://c2.staticflickr.com/4/3956/15118019074_7f602bc5b4_c.jpg	George N	https://creativecommons.org/licenses/by/2.0/	sea,food,japan,photography,miso,tokyo,photo,weed,yum,egg,bowl,meat,delicious,pork,ramen,porn,noodles	
0003087	https://www.flickr.com/photos/jodimichelle/5662960854	https://www.flickr.com/photos/jodimichelle	Walking tacos	https://c2.staticflickr.com/6/5148/5662960854_1659a03316_c.jpg	Jodimichelle	https://creativecommons.org/licenses/by-sa/2.0/	food,dinner,howto,toppings,groundbeef,foodphotography,walkingtacos,portioncontrol,cookingdemo,tacoseasoning,april2011,jodimichelle	
0003088	https://www.flickr.com/photos/huddleston/8253603268	https://www.flickr.com/photos/huddleston	Skyline Chili	https://c1.staticflickr.com/9/8062/8253603268_890f2a0861_c.jpg	Jerry Huddleston	https://creativecommons.org/licenses/by/2.0/		
0003089	https://www.flickr.com/photos/30478819@N08/35574833220	https://www.flickr.com/photos/30478819@N08	Chili con Carne	https://c1.staticflickr.com/5/4305/35574833220_056443326c_c.jpg	Marco Verch	https://creativecommons.org/licenses/by/2.0/	food,lebensmittel,noperson,keineperson,delicious,k√∂stlich,meal,mahlzeit,plate,teller,dish,gericht,nutrition,ern√§hrung,breakfast,fr√ºhst√ºck,tasty,lecker,dinner,abendessen,lunch,mittagessen,meat,fleisch,sweet,s√ºs,cuisine,kochen,cooking,closeup,nahansicht,bowl,sch√ºssel,grow,gr√∂serwerden,refreshment,erfrischung,epicure,feinschmecker	
0003090	https://www.flickr.com/photos/160866001@N07/45614734432	https://www.flickr.com/photos/160866001@N07	Chili in einer schwarzen Sch√ºssel aus Ton	https://c2.staticflickr.com/2/1925/45614734432_b859208eb4_c.jpg	Marco Verch	https://creativecommons.org/licenses/by/2.0/	spice,food,soup,sauce,cuisine,tomato,meal,chili,stew,mexican,red,lebensmittel,dinner,abendessen,noperson,keineperson,vegetable,gem√ºse,spoon,l√∂ffel,dish,gericht,bowl,sch√ºssel,lunch,mittagessen,suppe,mahlzeit,cooking,kochen,meat,fleisch,mouthwatering,lecker,eintopf,tomate,pan,schwenken,rustic,rustikal,homemade,hausgemacht,flatware,besteck,baum,baby,eos,himmel,leica,spooky,coth5,waves,maitreya,walk	
0003091	https://www.flickr.com/photos/jocelynpaigekelly/4299511902	https://www.flickr.com/photos/jocelynpaigekelly	Chili and cornbread	https://c1.staticflickr.com/3/2722/4299511902_ebdbb14307_c.jpg	Jocelyn Kelly	https://creativecommons.org/licenses/by-sa/2.0/	arizona,jerome,prescott	
0003092	https://www.flickr.com/photos/10770722@N08/7102532555	https://www.flickr.com/photos/10770722@N08	At the pub	https://c1.staticflickr.com/9/8001/7102532555_9e869ca219_c.jpg	h2theE	https://creativecommons.org/licenses/by/2.0/	london	
0003093	https://www.flickr.com/photos/jeffreyww/5269810260	https://www.flickr.com/photos/jeffreyww	Mmm... chicken pot pie!	https://c2.staticflickr.com/6/5050/5269810260_34aff66da1_c.jpg	jeffreyw	https://creativecommons.org/licenses/by/2.0/	pie,corn,onions,peas,carrots,potpie,celery,chickenpotpie,piecrust,reddit,chickenthighs,creamysauce	
0003094	https://www.flickr.com/photos/arndog/15228252746	https://www.flickr.com/photos/arndog		
0003095	https://www.flickr.com/photos/jenarrr/7755629742	https://www.flickr.com/photos/jenarrr	Classic Poutine	https://c1.staticflickr.com/9/8446/7755629742_a6dcb17b82_c.jpg	Jen Arrr	https://creativecommons.org/licenses/by-sa/2.0/	bc,victoria,poutine	
0003096	https://www.flickr.com/photos/regtiangha/28167102665	https://www.flickr.com/photos/regtiangha	Stampede 2016 - Day 00:  Best New Food	https://c2.staticflickr.com/8/7283/28167102665_6b38052a59_c.jpg	Reg Tiangha	https://creativecommons.org/licenses/by/2.0/	csfoodie,stampede2016	
0003097	https://www.flickr.com/photos/mat_the_w/4338002810	https://www.flickr.com/photos/mat_the_w		
0003098	https://www.flickr.com/photos/rusty_clark/5915548365	https://www.flickr.com/photos/rusty_clark	Slow Cooked Pierogies	https://c2.staticflickr.com/6/5318/5915548365_00d5882c19_c.jpg	Rusty Clark ~ 100K Photos	https://creativecommons.org/licenses/by/2.0/		
0003099	https://www.flickr.com/photos/joyosity/36948898012	https://www.flickr.com/photos/joyosity	Blueberry Salted Caramel Ice Cream with Chocolate Freckles	https://c1.staticflickr.com/5/4355/36948898012_47f00db910_c.jpg	Joy	https://creativecommons.org/licenses/by/2.0/		
0003100	https://www.flickr.com/photos/mccun934/4501488612	https://www.flickr.com/photos/mccun934	Ghost Chili Chocolate	https://c1.staticflickr.com/5/4028/4501488612_9e4b825f47_c.jpg	Mike McCune	https://creativecommons.org/licenses/by/2.0/	chili,yum,chocolate,tasty,boo,theo,infused,theochocolate,ghostchili	
0003101	https://www.flickr.com/photos/katerha/8597465601	https://www.flickr.com/photos/katerha	mmm- salted caramels	https://c1.staticflickr.com/9/8246/8597465601_5aec75ee63_c.jpg	Kate Ter Haar	https://creativecommons.org/licenses/by/2.0/	yum,traderjoes,saltedcaramels	
0003102	https://www.flickr.com/photos/twohungrydudes/6945680843	https://www.flickr.com/photos/twohungrydudes	Raisin Apollo & Golden Raisin Ice Cream	https://c2.staticflickr.com/8/7040/6945680843_82a3de3127_c.jpg	Hungry Dudes	https://creativecommons.org/licenses/by/2.0/		
0003103	https://www.flickr.com/photos/cookingglutenfree/6283215524	https://www.flickr.com/photos/cookingglutenfree	Chocolate Turtles - Gluten And Dairy Free	https://c1.staticflickr.com/7/6229/6283215524_f64a3d54b5_c.jpg	Cassidy	https://creativecommons.org/licenses/by-sa/2.0/	candy,chocolate,caramel,turtles,glutenfree,dairyfree,caseinfree,nutclusters	
0003104	https://www.flickr.com/photos/bindifry/3245416526	https://www.flickr.com/photos/bindifry	skillet cho-chip cookie with ice cream & syrup	https://c2.staticflickr.com/4/3350/3245416526_221e3b668d_c.jpg	bindifry	https://creativecommons.org/licenses/by/2.0/	deserts,chicagocuisine,smokedaddy	
0003105	https://www.flickr.com/photos/75231152@N00/6063283994	https://www.flickr.com/photos/75231152@N00	crab rangoon	https://c1.staticflickr.com/7/6192/6063283994_78465760ca_c.jpg	kae71463	https://creativecommons.org/licenses/by/2.0/		
0003106	https://www.flickr.com/photos/andrea_nguyen/5448721248	https://www.flickr.com/photos/andrea_nguyen	Sriracha crab rangoon wonton	https://c1.staticflickr.com/5/4080/5448721248_d996c07e98_c.jpg	Andrea Nguyen	https://creativecommons.org/licenses/by/2.0/		
0003107	https://www.flickr.com/photos/nate/417704546	https://www.flickr.com/photos/nate	Nate's Fish Chowder Recipe	https://c1.staticflickr.com/1/166/417704546_ba1bfbc633_c.jpg	Nate Steiner	https://creativecommons.org/publicdomain/zero/1.0/	dill,recipe,pepper,soup,salt,cream,basil,tilapia,chowder,thyme,sauvignonblanc,redpotatoes,natesfishchowder	
0003108	https://www.flickr.com/photos/drsigmund/13938793988	https://www.flickr.com/photos/drsigmund	IMG_0556.JPG	https://c2.staticflickr.com/8/7314/13938793988_0e69d62831_c.jpg	Darrell Rudmann	https://creativecommons.org/licenses/by/2.0/	goldfish,crackers	
0003109	https://www.flickr.com/photos/31246066@N04/3859096236	https://www.flickr.com/photos/31246066@N04	Was That The Door?	https://c1.staticflickr.com/3/2656/3859096236_06562e6273_c.jpg	Ian Sane	https://creativecommons.org/licenses/by/2.0/	door,canon,that,ian,eos,was,junk,mark,chocolate,cream,filled,ii,5d,series,hostess,ding,filling,foodie,sane,dongs,the,part3	
0003110	https://www.flickr.com/photos/lainetrees/5963787292	https://www.flickr.com/photos/lainetrees	Untitled	https://c1.staticflickr.com/7/6001/5963787292_1c90a423f6_c.jpg	punctuated	https://creativecommons.org/licenses/by/2.0/		
0003111	https://www.flickr.com/photos/daveparker/4452616313	https://www.flickr.com/photos/daveparker	Taters	https://c1.staticflickr.com/5/4064/4452616313_b3f50e948f_c.jpg	Dave Parker	https://creativecommons.org/licenses/by/2.0/	california,ca,food,march,tracy,tots,tater,2010,daveparker	
0003112	https://www.flickr.com/photos/scaredykat/2244966311	https://www.flickr.com/photos/scaredykat	buffalo wings	https://c1.staticflickr.com/3/2176/2244966311_43b601d95e_c.jpg	Krista	https://creativecommons.org/licenses/by/2.0/	chicken,wings,buffalo,superbowl	
0003113	https://www.flickr.com/photos/goblinbox/12530429105	https://www.flickr.com/photos/goblinbox	La Cocina de la Abuela	https://c2.staticflickr.com/8/7353/12530429105_08b80b2548_c.jpg	goblinbox_(queen_of_ad_hoc_bento)	https://creativecommons.org/licenses/by/2.0/	{vision}:{mountain}=0743,{flickrandroidapp}:{filter}=none,{vision}:{outdoor}=0905,{vision}:{sky}=0725	
0003114	https://www.flickr.com/photos/katerha/9409420679	https://www.flickr.com/photos/katerha	Left on the doorstep	https://c2.staticflickr.com/4/3816/9409420679_8a2fa2575a_c.jpg	Kate Ter Haar	https://creativecommons.org/licenses/by/2.0/	sweetcorn,cornonthecob,elote,summerfood	
0003115	https://www.flickr.com/photos/64141731@N00/7949840672	https://www.flickr.com/photos/64141731@N00	Chucktown Tavern 5485	https://c1.staticflickr.com/9/8039/7949840672_4bfb10984e_c.jpg	Susan Lucas Hoffman	https://creativecommons.org/licenses/by-sa/2.0/	charleston,steakdinner,chucktowntavern	
0003116	https://www.flickr.com/photos/hinnosaar/4473789112	https://www.flickr.com/photos/hinnosaar	Clam chowder in a sourdough bread bowl	https://c1.staticflickr.com/5/4018/4473789112_86e7bec417_c.jpg	Marit &amp; Toomas Hinnosaar	https://creativecommons.org/licenses/by/2.0/	sanfrancisco,food,soup,restaurant,clamchowder,breadbowl	
0003117	https://www.flickr.com/photos/travelstar/27704514599	https://www.flickr.com/photos/travelstar		
0003118	https://www.flickr.com/photos/usdagov/31082405690	https://www.flickr.com/photos/usdagov	20160923-AMS-LSC-0115	https://c2.staticflickr.com/6/5608/31082405690_2ea05b2afd_c.jpg	U.S. Department of Agriculture	https://creativecommons.org/publicdomain/mark/1.0/	departmentofagriculture,usdepartmentofagriculture,usda,peoplesgarden,farmersmarket,vegucation,vegu,vegetableeducation,sweetpotato,honeyroastedsweetpotaoes,recipe,demo,demonstration	
0003119	https://www.flickr.com/photos/ste3ve/3567975627	https://www.flickr.com/photos/ste3ve	Sliced Banana Nut Bread	https://c1.staticflickr.com/3/2439/3567975627_263ca3d3aa_c.jpg	Steve	https://creativecommons.org/licenses/by-sa/2.0/		
0003120	https://www.flickr.com/photos/140547216@N04/27609612257	https://www.flickr.com/photos/140547216@N04		
0003121	https://www.flickr.com/photos/smudie/68786868	https://www.flickr.com/photos/smudie	Haggis, neeps an tatties	https://c1.staticflickr.com/1/9/68786868_7841ecfc5b_c.jpg	Stuart Mudie	https://creativecommons.org/licenses/by-sa/2.0/	cameraphone,moblog,6630,nokia,lifeblog,haggis,neeps,tatties,food,scotland,scottish	
0003122	https://www.flickr.com/photos/64141731@N00/7949840672	https://www.flickr.com/photos/64141731@N00	Chucktown Tavern 5485	https://c1.staticflickr.com/9/8039/7949840672_4bfb10984e_c.jpg	Susan Lucas Hoffman	https://creativecommons.org/licenses/by-sa/2.0/	charleston,steakdinner,chucktowntavern	
0003123	https://www.flickr.com/photos/preppybyday/5076302063	https://www.flickr.com/photos/preppybyday	Hot Dog with Baked Beans and Potato Salad	https://c1.staticflickr.com/5/4149/5076302063_16ddbdf056_c.jpg	TheCulinaryGeek	https://creativecommons.org/licenses/by/2.0/	hotdog,ketchup,relish,potatosalad,mustard,bakedbeans,bun	
0003124	https://www.flickr.com/photos/joesixpac/576403183	https://www.flickr.com/photos/joesixpac	Stuffed Baked Potato	https://c2.staticflickr.com/2/1123/576403183_f51d9741f1_c.jpg	Stefano A.	https://creativecommons.org/licenses/by/2.0/	green,cheese,bacon,nikon,skin,plate,potato,onion,1855mm,salsa,bits,baked,chedar,d40	
0003125	https://www.flickr.com/photos/flavouz/9695226676	https://www.flickr.com/photos/flavouz	potato skins	https://c1.staticflickr.com/3/2819/9695226676_0af9a2f1d4_c.jpg	Flavio Ensiki	https://creativecommons.org/licenses/by/2.0/	food,restaurants,hardrockcafe	
0003126	https://www.flickr.com/photos/apasciuto/4657685441	https://www.flickr.com/photos/apasciuto	fried pickles!	https://c1.staticflickr.com/5/4034/4657685441_331db59714_c.jpg	apasciuto	https://creativecommons.org/licenses/by/2.0/	colorado,denver	
0003127	https://www.flickr.com/photos/pnoeric/1437780973	https://www.flickr.com/photos/pnoeric	fried dill pickles	https://c2.staticflickr.com/2/1156/1437780973_061e6a84d4_c.jpg	Eric Mueller	https://creativecommons.org/licenses/by-sa/2.0/	dillpickle,fried,longbeachmississippi	
0003128	https://www.flickr.com/photos/nmoya/21181804496	https://www.flickr.com/photos/nmoya	Fettuccini Alfredo with Chicken cutlets	https://c1.staticflickr.com/1/580/21181804496_6c622b26ed_c.jpg	Nikolas Moya	https://creativecommons.org/licenses/by-sa/2.0/	newyork,chicken,brooklyn,pasta,fettuccinialfredo,carrollgardens,pazzipasta	
0003129	https://www.flickr.com/photos/vwcampin/39727711975	https://www.flickr.com/photos/vwcampin	Wings	https://c1.staticflickr.com/5/4666/39727711975_1eb94691c0_c.jpg	Shelby L. Bell	https://creativecommons.org/licenses/by/2.0/	chicken,meal,appetizer,iphoneographer,iphoneography,iphoneology,iphonology,macro,food,thesessionroom,buffalowings,wings,bbqwings,hotwings,chickenwings	
0003130	https://www.flickr.com/photos/49438472@N00/35080459585	https://www.flickr.com/photos/49438472@N00	Sauced Fire Cracker	https://c1.staticflickr.com/5/4253/35080459585_f31038a99c_c.jpg	cassaendra	https://creativecommons.org/licenses/by-nd/2.0/	sauced,pizza,wood,fired,hotpeppers,chipotle,ranch,chicken,bacon,kalamata,olives	
0003131	https://www.flickr.com/photos/30478819@N08/35574833220	https://www.flickr.com/photos/30478819@N08	Chili con Carne	https://c1.staticflickr.com/5/4305/35574833220_056443326c_c.jpg	Marco Verch	https://creativecommons.org/licenses/by/2.0/	food,lebensmittel,noperson,keineperson,delicious,k√∂stlich,meal,mahlzeit,plate,teller,dish,gericht,nutrition,ern√§hrung,breakfast,fr√ºhst√ºck,tasty,lecker,dinner,abendessen,lunch,mittagessen,meat,fleisch,sweet,s√ºs,cuisine,kochen,cooking,closeup,nahansicht,bowl,sch√ºssel,grow,gr√∂serwerden,refreshment,erfrischung,epicure,feinschmecker	
0003132	https://www.flickr.com/photos/cyclonebill/2741455471	https://www.flickr.com/photos/cyclonebill	Chips og salsa	https://c2.staticflickr.com/4/3072/2741455471_03039faec6_c.jpg	cyclonebill	https://creativecommons.org/licenses/by-sa/2.0/	chili,chips,lime,salsa,kaffe,kakao,tomat,koriander,hvidl√∏g	
0003133	https://www.flickr.com/photos/joshuaheller/3335415941	https://www.flickr.com/photos/joshuaheller	Chips y Salsa	https://c2.staticflickr.com/4/3662/3335415941_8e32aafb5b_c.jpg	Joshua Heller	https://creativecommons.org/licenses/by/2.0/	seattle,food,mexican	
0003134	https://www.flickr.com/photos/160866001@N07/44272719505	https://www.flickr.com/photos/160866001@N07	Nacho Chips mit Avocado Dip	https://c2.staticflickr.com/2/1962/44272719505_0e3722c182_c.jpg	Marco Verch	https://creativecommons.org/licenses/by/2.0/	bowl,sch√ºssel,dip,tauchen,chip,tortilla,food,lebensmittel,salsa,salt,salz,salty,salzig,noperson,keineperson,appetizer,vorspeise,guacamole,traditional,traditionell,condiment,w√ºrze,refreshment,erfrischung,crunchy,knackig,potato,kartoffel,hot,heis,corn,mais,spice,w√ºrzen,vegetable,gem√ºse,catwa,macromondays,noiretblanc,mono,mushroom,feet,world,cars,naturaleza,see	
0003135	https://www.flickr.com/photos/160866001@N07/44723386864	https://www.flickr.com/photos/160866001@N07	Aufsicht - Eine Portion Nachos mit K√§sesauce, Rinderhackfleisch, roten Bohnen, Tomaten, Zwiebeln und Guacamole Avocado-Dip auf einem schwarzen Teller	https://c2.staticflickr.com/2/1937/44723386864_84d889a391_c.jpg	Marco Verch	https://creativecommons.org/licenses/by/2.0/	salsa,tortilla,chip,guacamole,corn,mais,taco,dip,tauchen,noperson,keineperson,crunchy,knackig,appetizer,vorspeise,food,lebensmittel,salty,salzig,refreshment,erfrischung,unhealthy,ungesund,jalapeno,crisp,avocado,fast,schnell,party,pepper,pfeffer,pretty,eos,pose,olympus,desert,airplane,japan,apple,nyc,hill	
0003136	https://www.flickr.com/photos/chargrillkiller/4663103719	https://www.flickr.com/photos/chargrillkiller	Untitled	https://c1.staticflickr.com/5/4061/4663103719_758bd5efb2_c.jpg	Chris Robinson	https://creativecommons.org/licenses/by/2.0/	food,mexicocity,restaurants,chips,salsa	
0003137	https://www.flickr.com/photos/nanpalmero/15288823502	https://www.flickr.com/photos/nanpalmero	Tortilla Chips, Salsa, Guacamole at Tamayo Restaurant	https://c2.staticflickr.com/4/3898/15288823502_7a5465e4f6_c.jpg	Nan Palmero	https://creativecommons.org/licenses/by/2.0/	wood,party,rooftop,avocado,colorado,unitedstates,terrace,samsung,denver,chips,tamarindo,margarita,lime,salsa,lodo,tamarind,owasp,samsungcamera,nx30,tamayorestaurant,imagelogger,ditchthedslr	
0003138	https://www.flickr.com/photos/magicrobot/2536915556	https://www.flickr.com/photos/magicrobot	Chipotle	https://c1.staticflickr.com/3/2207/2536915556_15dd6cd6c8_c.jpg	Rick	https://creativecommons.org/licenses/by/2.0/	chips,delicious,guacamole,chipotle,nachos	
0003139	https://www.flickr.com/photos/wikidave/7440588732	https://www.flickr.com/photos/wikidave	168/365+1 Spaghetti and Meatballs	https://c2.staticflickr.com/6/5239/7440588732_b82af6f3f4_c.jpg	Dave Crosby	https://creativecommons.org/licenses/by-sa/2.0/	spaghettiandmeatballs,3651for2012,365jun12	
0003140	https://www.flickr.com/photos/avlxyz/2170458239	https://www.flickr.com/photos/avlxyz	Chicken Katsu Curry on Rice - Kintochi	https://c1.staticflickr.com/3/2417/2170458239_51cf92fe75_c.jpg	Alpha	https://creativecommons.org/licenses/by-sa/2.0/	food,chicken,japanese,rice,curry,casio,exilim,katsu,chadstone,z850,kintochi,chadstonshopping,karekatsu	
0003141	https://www.flickr.com/photos/kimberlykv/5478518395	https://www.flickr.com/photos/kimberlykv	Sour Cream Coffee Cake	https://c2.staticflickr.com/6/5214/5478518395_615c006c8a_c.jpg	Kimberly Vardeman	https://creativecommons.org/licenses/by/2.0/	cake	
0003142	https://www.flickr.com/photos/avlxyz/2170458239	https://www.flickr.com/photos/avlxyz	Chicken Katsu Curry on Rice - Kintochi	https://c1.staticflickr.com/3/2417/2170458239_51cf92fe75_c.jpg	Alpha	https://creativecommons.org/licenses/by-sa/2.0/	food,chicken,japanese,rice,curry,casio,exilim,katsu,chadstone,z850,kintochi,chadstonshopping,karekatsu	
0003143	https://www.flickr.com/photos/avlxyz/2426703227	https://www.flickr.com/photos/avlxyz	Chicken Katsu Curry with Rice - Wagamama Flinders Lane	https://c2.staticflickr.com/4/3148/2426703227_382444081b_c.jpg	Alpha	https://creativecommons.org/licenses/by-sa/2.0/	food,chicken,japanese,rice,melbourne,curry,ramen,chop,cutlet,kare,katsu,raisu,wagamamaflinderslane	
0003144	https://www.flickr.com/photos/cityfoodsters/14177873753	https://www.flickr.com/photos/cityfoodsters	Yuzu Shio Ramen - Tanrei broth. A well balanced chicken-based broth. Infused with various seafood, seaweed, and vegetables.	https://c2.staticflickr.com/8/7426/14177873753_6a736d14c1_c.jpg	City Foodsters	https://creativecommons.org/licenses/by/2.0/	japan,tokyo,ramen	
0003145	https://www.flickr.com/photos/jesswebb/4512823273	https://www.flickr.com/photos/jesswebb	Chicken quesadilla	https://c1.staticflickr.com/3/2396/4512823273_2fb8ed19f8_c.jpg	Jessica Rossi	https://creativecommons.org/licenses/by-sa/2.0/	philadelphia,brunch,northernliberties,nolibs,cantinadossegundos	
0003146	https://www.flickr.com/photos/140547216@N04/28608572198	https://www.flickr.com/photos/140547216@N04	sous vide onions	https://c1.staticflickr.com/1/877/28608572198_14b746b00b_c.jpg	sousvideguy	https://creativecommons.org/licenses/by/2.0/	sous,vide,onions,paris,french	
0003147	https://www.flickr.com/photos/anokarina/18650119684	https://www.flickr.com/photos/anokarina	‚ÄúGood wine is a good familiar creature, if it be well used.‚Äù ‚ÄïShakespeare üç∑	https://c1.staticflickr.com/1/559/18650119684_008d9b13a0_c.jpg	anokarina	https://creativecommons.org/licenses/by-sa/2.0/	üç∑,üçú,üç≤,appleiphone6,water,wine,frenchonionsoup,cheese,drinks,alcohol,foodporn,westend	
0003148	https://www.flickr.com/photos/160866001@N07/32504997618	https://www.flickr.com/photos/160866001@N07	Blick auf Tatar Arugula mit rohem Eigelb und Rucolabl√§ttern auf wei√üem Teller	https://c1.staticflickr.com/5/4839/32504997618_344084b3da_c.jpg	Marco Verch	https://creativecommons.org/licenses/by/2.0/	egg,steak,yolk,tasty,minced,arugula,portion,tartar,background,meat,red,gourmet,tartare,onion,delicious,table,ingredient,spice,raw,chopped,lunch,black,meal,fresh,food,dinner,beef,lebensmittel,abendessen,mittagessen,k√∂stlich,noperson,keineperson,ei,breakfast,fr√ºhst√ºck,mahlzeit,fleisch,plate,teller,nutrition,ern√§hrung,cooking,kochen,pork,schweinefleisch,dish,gericht,epicure,feinschmecker,bacon,speck,rindfleisch,closeup,nahansicht,cuisine,vegetable,gem√ºse,child,owl,eos,market,pier,decoration,colour,dawn,colours,truck	
0003149	https://www.flickr.com/photos/tynigh/3718974886	https://www.flickr.com/photos/tynigh	Boil	https://c1.staticflickr.com/3/2495/3718974886_88ec0e6bf1_c.jpg	Ty Nigh	https://creativecommons.org/licenses/by/2.0/	food,corn,leg,crab,seafood,boil	
0003150	https://www.flickr.com/photos/pelican/11297865614	https://www.flickr.com/photos/pelican	Crab leg	https://c1.staticflickr.com/3/2812/11297865614_c8b9b4334e_c.jpg	pelican	https://creativecommons.org/licenses/by-sa/2.0/	crab,ishikawa,kagaya,wakura,dscrx100	
0003151	https://www.flickr.com/photos/innac/6874745684	https://www.flickr.com/photos/innac	Thali 02	https://c2.staticflickr.com/8/7196/6874745684_da8b1479ff_c.jpg	innacoz	https://creativecommons.org/licenses/by-nd/2.0/	food,india,goa,thali	
0003152	https://www.flickr.com/photos/joegoaukfishcurryrice3/15772602567	https://www.flickr.com/photos/joegoaukfishcurryrice3	Veg. thali	https://c1.staticflickr.com/9/8596/15772602567_fcb9d3266e_c.jpg	goanfishcurryrice3	https://creativecommons.org/licenses/by-sa/2.0/	hotel,rice,goa,veg,bhaji,thali,usal,joegoauk	
0003153	https://www.flickr.com/photos/spentrails/2819241592	https://www.flickr.com/photos/spentrails	Bratwurst!	https://c2.staticflickr.com/4/3222/2819241592_4a002969a6_c.jpg	spentrails	https://creativecommons.org/licenses/by/2.0/	germany,bayern,deutschland,bavaria,bratwurst,senf	
0003154	https://www.flickr.com/photos/ghost_hole/6176945596	https://www.flickr.com/photos/ghost_hole	bratwurst	https://c1.staticflickr.com/7/6171/6176945596_7f67969a9d_c.jpg	Kirsten Nordine	https://creativecommons.org/licenses/by-sa/2.0/	berlin	
0003155	https://www.flickr.com/photos/ciekawy/33509609810	https://www.flickr.com/photos/ciekawy	#artichoke #cooked #yummy	https://c1.staticflickr.com/1/576/33509609810_470c826213_c.jpg	Szymon Stasik	https://creativecommons.org/licenses/by-sa/2.0/	instagramapp,square,squareformat,iphoneography,uploaded:by=instagram	
0003156	https://www.flickr.com/photos/jonicdao/45251424822	https://www.flickr.com/photos/jonicdao	DSC_3972	https://c2.staticflickr.com/2/1917/45251424822_af83400fef_c.jpg	Jose Nicdao	https://creativecommons.org/licenses/by/2.0/	food	
0003157	https://www.flickr.com/photos/opengridscheduler/23822487396	https://www.flickr.com/photos/opengridscheduler	Olives	https://c1.staticflickr.com/1/623/23822487396_3a4d41eba6_c.jpg	Open Grid Scheduler / Grid Engine	https://creativecommons.org/publicdomain/zero/1.0/	olive,supermarket,olives	
0003158	https://www.flickr.com/photos/foodista/16295826105	https://www.flickr.com/photos/foodista	Olive Pinchos	https://c2.staticflickr.com/8/7578/16295826105_80e2812d50_c.jpg	Foodista	https://creativecommons.org/licenses/by/2.0/	tapas,olives,spainfood	
0003159	https://www.flickr.com/photos/jonicdao/30443345768	https://www.flickr.com/photos/jonicdao	DSC_2722	https://c2.staticflickr.com/2/1843/30443345768_2cd6e83584_c.jpg	Jose Nicdao	https://creativecommons.org/licenses/by/2.0/	food	
0003160	https://www.flickr.com/photos/sackton/7906679222	https://www.flickr.com/photos/sackton	Bruschetta [243/366]	https://c1.staticflickr.com/9/8444/7906679222_8c7c603f50_c.jpg	Tim Sackton	https://creativecommons.org/licenses/by-sa/2.0/	food,tomato,yum,unitedstates,massachusetts,tomatoes,somerville,produce,appetizer,bruschetta,365photoproject	
0003161	https://www.flickr.com/photos/twohungrydudes/5855263576	https://www.flickr.com/photos/twohungrydudes	Bruschetta (3)	https://c2.staticflickr.com/4/3200/5855263576_432cbfbc00_c.jpg	Hungry Dudes	https://creativecommons.org/licenses/by/2.0/		
0003162	https://www.flickr.com/photos/grantguarino/7090236433	https://www.flickr.com/photos/grantguarino	Waffle	https://c2.staticflickr.com/8/7223/7090236433_d3b1670971_c.jpg	Grant Guarino	https://creativecommons.org/licenses/by-sa/2.0/	food,good,waffle	
0003163	https://www.flickr.com/photos/59247791@N08/5504820035	https://www.flickr.com/photos/59247791@N08	Ribs_03	https://c2.staticflickr.com/6/5134/5504820035_f36a34db69_c.jpg	rob_rob2001	https://creativecommons.org/licenses/by-sa/2.0/	food,ribs	
0003164	https://www.flickr.com/photos/familyclan/15140832740	https://www.flickr.com/photos/familyclan	barbecue ribs, pork	https://c2.staticflickr.com/6/5572/15140832740_dc904491b6_c.jpg	David McSpadden	https://creativecommons.org/licenses/by/2.0/	barbecue,ribs,fallequinox	
0003165	https://www.flickr.com/photos/kathryn-wright/10174944064	https://www.flickr.com/photos/kathryn-wright	Pretzel	https://c2.staticflickr.com/8/7388/10174944064_fcdf680ba8_c.jpg	Kathryn	https://creativecommons.org/licenses/by-nd/2.0/	food,snack,mustard,pretzel	
0003166	https://www.flickr.com/photos/jonicdao/32042465808	https://www.flickr.com/photos/jonicdao	Dolma	https://c1.staticflickr.com/5/4825/32042465808_b167c03665_c.jpg	Jose Nicdao	https://creativecommons.org/licenses/by/2.0/	food	
0003167	https://www.flickr.com/photos/arndog/1351626795	https://www.flickr.com/photos/arndog	Cornbread	https://c2.staticflickr.com/2/1322/1351626795_2ff89724d0_c.jpg	Arnold Gatilao	https://creativecommons.org/licenses/by/2.0/	food,oakland,foodporn,soul,brunch	
0003168	https://www.flickr.com/photos/annulla/428979197	https://www.flickr.com/photos/annulla	Cheetos	https://c1.staticflickr.com/1/166/428979197_4f3f0de3b6_c.jpg	annulla	https://creativecommons.org/licenses/by-sa/2.0/	food	
0003169	https://www.flickr.com/photos/jonicdao/44163856341	https://www.flickr.com/photos/jonicdao	DSC_2370	https://c2.staticflickr.com/2/1867/44163856341_d12d5cb005_c.jpg	Jose Nicdao	https://creativecommons.org/licenses/by/2.0/	food	
0003170	https://www.flickr.com/photos/wordridden/4680037771	https://www.flickr.com/photos/wordridden	Planked Alaskan salmon and asparagus	https://c2.staticflickr.com/2/1273/4680037771_4b50968efd_c.jpg	WordRidden	https://creativecommons.org/licenses/by/2.0/	food,salmon,asparagus,plank	
0003171	https://www.flickr.com/photos/moe/118905932	https://www.flickr.com/photos/moe	Red Thai-Curry	https://c1.staticflickr.com/1/38/118905932_25347b71d8_c.jpg	Stephan Mosel	https://creativecommons.org/licenses/by/2.0/	food,vegetables,rice,reis,curry,thai,gem√ºse,redcurry	
0003172	https://www.flickr.com/photos/saaleha/5379241922	https://www.flickr.com/photos/saaleha	Fish and chips at Tasha's	https://c2.staticflickr.com/6/5163/5379241922_1f4d78f6c0_c.jpg	Saaleha Bamjee	https://creativecommons.org/licenses/by/2.0/	shootcake	
0003173	https://www.flickr.com/photos/10413717@N08/9355126330	https://www.flickr.com/photos/10413717@N08	Fish And Chips	https://c2.staticflickr.com/4/3727/9355126330_1d45c6fb4f_c.jpg	Smabs Sputzer (1956-2017)	https://creativecommons.org/licenses/by/2.0/	fish,sauce,chips,peas,cod,haddock,mushy,tartare	
0003174	https://www.flickr.com/photos/jenarrr/7755629742	https://www.flickr.com/photos/jenarrr	Classic Poutine	https://c1.staticflickr.com/9/8446/7755629742_a6dcb17b82_c.jpg	Jen Arrr	https://creativecommons.org/licenses/by-sa/2.0/	bc,victoria,poutine	
0003175	https://www.flickr.com/photos/draket/44672653522	https://www.flickr.com/photos/draket	Poutine	https://c2.staticflickr.com/2/1857/44672653522_b6086e3a74_c.jpg	Ted Drake	https://creativecommons.org/licenses/by-nd/2.0/	mobile,food,iphone	
0003176	https://www.flickr.com/photos/traveloriented/33972117202	https://www.flickr.com/photos/traveloriented	Mozzarella sticks	https://c1.staticflickr.com/3/2830/33972117202_92cddb6e39_c.jpg	travel oriented	https://creativecommons.org/licenses/by-sa/2.0/	food,mozzarellasticks	
0003177	https://www.flickr.com/photos/bulknews/6852478695	https://www.flickr.com/photos/bulknews	Omelette	https://c2.staticflickr.com/8/7184/6852478695_82eba2c2b8_c.jpg	Tatsuhiko Miyagawa	https://creativecommons.org/licenses/by-sa/2.0/	picplz,foursquare:venue=4a6a2e19f964a520c4cc1fe3	
0003178	https://www.flickr.com/photos/stuart_spivack/2110297448	https://www.flickr.com/photos/stuart_spivack	western omelette	https://c1.staticflickr.com/3/2300/2110297448_283dd92559_c.jpg	stu_spivack	https://creativecommons.org/licenses/by-sa/2.0/	food,toast,egg,ham,omelette,dinks,westernomelette	
0003179	https://www.flickr.com/photos/68711844@N07/15203736944	https://www.flickr.com/photos/68711844@N07	Wall_Food_10412	https://c2.staticflickr.com/6/5611/15203736944_9cfef4774a_c.jpg	Michael Stern	https://creativecommons.org/licenses/by-sa/2.0/	food	
0003180	https://www.flickr.com/photos/75231152@N00/6063283994	https://www.flickr.com/photos/75231152@N00	crab rangoon	https://c1.staticflickr.com/7/6192/6063283994_78465760ca_c.jpg	kae71463	https://creativecommons.org/licenses/by/2.0/		
0003181	https://www.flickr.com/photos/raybouk/15374808767	https://www.flickr.com/photos/raybouk	Burrito, Zocalo #mexican #food	https://c2.staticflickr.com/6/5611/15374808767_3dce9e2c02_c.jpg	ray_explores	https://creativecommons.org/licenses/by/2.0/	food,mexican,zocalo	
0003182	https://www.flickr.com/photos/sbogdanich/14312568883	https://www.flickr.com/photos/sbogdanich	Poppers	https://c2.staticflickr.com/6/5511/14312568883_db39d437cb_c.jpg	Stephanie	https://creativecommons.org/licenses/by/2.0/	food,vegan	
0003183	https://www.flickr.com/photos/jonicdao/43935959461	https://www.flickr.com/photos/jonicdao	DSC_1483	https://c2.staticflickr.com/2/1796/43935959461_652af178f4_c.jpg	Jose Nicdao	https://creativecommons.org/licenses/by/2.0/	food	
0003184	https://www.flickr.com/photos/stone-soup/6902860906	https://www.flickr.com/photos/stone-soup	halloumi with broccolini & chilli oil	https://c2.staticflickr.com/8/7268/6902860906_80aea76592_c.jpg	jules	https://creativecommons.org/licenses/by/2.0/		
0003185	https://www.flickr.com/photos/aaron_anderer/42743682201	https://www.flickr.com/photos/aaron_anderer	07Jun2018-Austin-IMG_3384	https://c2.staticflickr.com/2/1726/42743682201_6204ce75a0_c.jpg	aaron_anderer	https://creativecommons.org/licenses/by-nd/2.0/	austin,texas,travel,2018,beer,pretzel,garden	
0003186	https://www.flickr.com/photos/picsoflife/8241409996	https://www.flickr.com/photos/picsoflife	Delicious Izakaya food	https://c1.staticflickr.com/9/8200/8241409996_7dc0f53295_c.jpg	Ari Helminen	https://creativecommons.org/licenses/by/2.0/	travel,japan,tokyo,asia,photographer,blogger,photoblog,nippon,breathtaking,travelblog,japani,tokio,ilovejapan,lifeinjapan,valokuvaaja,livinginjapan,beautifullife,blogi,valokuvaus,tokyolife,arihelminen,aginorz,wwwarihelminencom,kaunisphotoblog,finnishphotographer,aripekkahelminen,Êù±‰∫¨„ÄÅÊó•Êú¨„ÄÅÊó•Êú¨‰∫∫,„Ç¢„É™„Éò„É´„Éü„Éç„É≥„ÄÅfinnish,deliciousizakayafood	
0003187	https://www.flickr.com/photos/149561324@N03/38059694276	https://www.flickr.com/photos/149561324@N03	M√ºsli in einer Sch√ºssel und ein L√∂ffel	https://c1.staticflickr.com/5/4465/38059694276_bbf6b1beeb_c.jpg	Marco Verch	https://creativecommons.org/licenses/by/2.0/	cereal,square,breakfast,food,frosted,wholegrain,wheat,white,m√ºsli,sch√ºssel,l√∂ffel,lebensmittel,bowl,nutrition,ern√§hrung,noperson,keineperson,fr√ºhst√ºck,sweet,s√ºs,healthy,gesund,refreshment,erfrischung,meal,mahlzeit,health,gesundheit,delicious,k√∂stlich,spoon,diet,di√§t,fruit,frucht,crunchy,knackig,milk,milch,tasty,lecker,closeup,nahansicht,dry,trocken,pentax,italia,moon,eos,flickr,tamron,landschaft,brown,pumpkin,catwa	
0003188	https://www.flickr.com/photos/160866001@N07/31995016947	https://www.flickr.com/photos/160866001@N07	Traditionelles ukrainische Borschtsch-Suppe mit Kr√§utern, Pfefferk√∂rnern und knusprigem Brot	https://c1.staticflickr.com/5/4820/31995016947_2f35cb6f8d_c.jpg	Marco Verch	https://creativecommons.org/licenses/by/2.0/	borsch,cabbage,dill,dish,table,bread,meat,hot,vegetables,pork,homemade,tomatoes,carrot,meal,herb,vegetable,spoon,beetroot,bowl,cooking,borscht,wooden,plate,healthy,white,ukrainian,tureen,parsley,beet,traditional,soup,red,cuisine,pepper,national,background,dinner,delicious,dishtowel,potato,food,sport,camera,child,espa√±a,restaurant,pet,feet,day,eos,market	
0003189	https://www.flickr.com/photos/chiemseehotel/15174181401	https://www.flickr.com/photos/chiemseehotel	Currywurst mit Pommes	https://c2.staticflickr.com/4/3926/15174181401_461b9833c9_c.jpg	Golf Resort Achental Team	https://creativecommons.org/licenses/by/2.0/	wallpaper,food,bavaria,for,restaurant,hotel,foods,google,essen,reisen,googlemaps,sausage,restaurants,free,frites,pommes,curry,resort,delicious,foodporn,commercial,snack,use,sausages,snacks,hotels,wurst,fried,bratwurst,chiemsee,bing,pomme,reise,yummi,currywurst,lecker,achental,ausgehen,chiemgau,grassau,speise,speisen,golfresort,schlemmen,chiemseehotel,golfresortachental	
0003190	https://www.flickr.com/photos/salingpusa/6436621947	https://www.flickr.com/photos/salingpusa	osso bucco	https://c2.staticflickr.com/8/7158/6436621947_d9d0e7ea09_c.jpg	antonio carranza	osso,bucco	
0003191	https://www.flickr.com/photos/1962tiger/40975834625	https://www.flickr.com/photos/1962tiger	Salmon with Cream Cheese Sandwich	https://c1.staticflickr.com/1/968/40975834625_8beff0ff6b_c.jpg	QT Vuong	https://creativecommons.org/publicdomain/mark/1.0/	food,sandwich,salmon,creamcheese,capers,delicious,bagel,lox	
0003192	https://www.flickr.com/photos/30478819@N08/36402718256	https://www.flickr.com/photos/30478819@N08	Scone Fruits	https://c1.staticflickr.com/5/4396/36402718256_2ee45bc18a_c.jpg	Marco Verch	https://creativecommons.org/licenses/by/2.0/	leichtathletik,london2017,sports,london,weltmeisterschaft,wm,bethenext,iaafworldchampionschips,noperson,keineperson,food,lebensmittel,sweet,s√ºs,baking,backen,delicious,k√∂stlich,homemade,hausgemacht,raisin,rosine,sugar,zucker,bread,brot,traditional,traditionell,breakfast,fr√ºhst√ºck,cake,kuchen,chocolate,schokolade,refreshment,erfrischung,pastry,geb√§ck,dough,teig,bakery,b√§ckerei,cooking,kochen,fruit,frucht,cookie,kekse	
0003193	https://www.flickr.com/photos/stuart_spivack/2444433523	https://www.flickr.com/photos/stuart_spivack	pineapple upside down cake	https://c2.staticflickr.com/4/3024/2444433523_4149a99eba_c.jpg	stu_spivack	https://creativecommons.org/licenses/by-sa/2.0/	food,cake,pineapple,jennys	
0003194	https://www.flickr.com/photos/149561324@N03/30092933268	https://www.flickr.com/photos/149561324@N03	Bl√§tterteigtaschen mit Spinat in Griechenland	https://c1.staticflickr.com/1/936/30092933268_efa4fc8d4d_c.jpg	Marco Verch	https://creativecommons.org/licenses/by/2.0/	afitos,decentralizedadministrationof,griechenland,decentralizedadministrationofmacedoniaandthrace,gr,pita,spinat,b√∂rek,bur√©kki,noperson,keineperson,food,lebensmittel,delicious,k√∂stlich,wood,holz,dinner,abendessen,cooking,kochen,lunch,mittagessen,bread,brot,meal,mahlzeit,baking,backen,table,tabelle,dish,gericht,fish,fisch,breakfast,fr√ºhst√ºck,rustic,rustikal,traditional,traditionell,stilllife,stillleben,hot,heis,homemade,hausgemacht,nutrition,ern√§hrung,mono,usa,stars,child,leaf,vacation,boeing,bus,railroad,leica	
0003195	https://www.flickr.com/photos/stuart_spivack/435397512	https://www.flickr.com/photos/stuart_spivack	chips and salsa	https://c1.staticflickr.com/1/177/435397512_2d6c8cb08b_c.jpg	stu_spivack	https://creativecommons.org/licenses/by-sa/2.0/	food,chips,mexican,latin,salsa,tortilla,eltango,dopplr:eat=6ak1	
0003196	https://www.flickr.com/photos/wordridden/6312005312	https://www.flickr.com/photos/wordridden	Sides of salmon ready for the BBQ	https://c1.staticflickr.com/7/6048/6312005312_d13911cc12_c.jpg	WordRidden	https://creativecommons.org/licenses/by/2.0/	food,fish,homemade	
0003197	https://www.flickr.com/photos/stone-soup/45497124764/	https://www.flickr.com/photos/stone-soup/45497124764	Sichuan Pork & Greens-2	https://c1.staticflickr.com/5/4831/45497124764_6c75de854d_c.jpg	jules	https://creativecommons.org/licenses/by/2.0/		
0003198	https://www.flickr.com/photos/stone-soup/45091823365/	https://www.flickr.com/photos/stone-soup/45091823365	Chickpea Buddha Bowls	https://c1.staticflickr.com/5/4872/45091823365_9511f925a5_c.jpg	jules	https://creativecommons.org/licenses/by/2.0/		
0003199	https://www.flickr.com/photos/stone-soup/44712760714/	https://www.flickr.com/photos/stone-soup/44712760714	Minute Steaks with Quick Chive Butter	https://c2.staticflickr.com/2/1954/44712760714_3b9e14d960_c.jpg	jules	https://creativecommons.org/licenses/by/2.0/		
0003200	https://www.flickr.com/photos/149561324@N03/35966977940	https://www.flickr.com/photos/149561324@N03	R√ºhreier mit Salat zu Mittag in Lissabon, Portugal	https://c1.staticflickr.com/5/4381/35966977940_6f4656609c_c.jpg	Marco Verch	https://creativecommons.org/licenses/by/2.0/	food,lebensmittel,plate,teller,meal,mahlzeit,dinner,abendessen,lunch,mittagessen,dish,gericht,vegetable,gem√ºse,noperson,keineperson,meat,fleisch,delicious,k√∂stlich,fork,gabel,cuisine,kochen,healthy,gesund,epicure,feinschmecker,grow,gr√∂serwerden,salad,salat,nutrition,ern√§hrung,lettuce,gr√ºnersalat,cooking,restaurant,lissabon,portugal,candid,spring,airport,baby,australia,noiretblanc,flickr,usa,cathedral,halloween	
0003201	https://www.flickr.com/photos/stone-soup/42549724050/	https://www.flickr.com/photos/stone-soup/42549724050	Smoky Mexican Sausages-2	https://c2.staticflickr.com/2/1877/42549724050_4c6aaaa105_c.jpg	jules	https://creativecommons.org/licenses/by/2.0/		
0003202	https://www.flickr.com/photos/stone-soup/43306467365/	https://www.flickr.com/photos/stone-soup/43306467365	Quick Beef Tacos-2	https://c2.staticflickr.com/2/1847/43306467365_94dc8a9804_c.jpg	jules	https://creativecommons.org/licenses/by/2.0/		
0003203	https://www.flickr.com/photos/stone-soup/43246008211/	https://www.flickr.com/photos/stone-soup/43246008211	Roast Cauli & Onion	https://c2.staticflickr.com/2/1825/43246008211_a11353ee07_c.jpg	jules	https://creativecommons.org/licenses/by/2.0/		
